epoch,train_loss,valid_loss,accuracy,f_beta,f_beta,time
0,0.655183,0.951266,0.498333,0.352892,0.498333
1,0.607964,0.618070,0.661874,0.659001,0.661874
2,0.591801,0.637802,0.631721,0.602952,0.631721
3,0.574985,0.728718,0.605051,0.558092,0.605051
4,0.547281,0.743454,0.592722,0.536740,0.592722
5,0.525820,0.638798,0.666921,0.657237,0.666921
6,0.485600,0.674044,0.669100,0.661386,0.669100
7,0.456643,0.658602,0.667573,0.664433,0.667573
8,0.398399,0.724739,0.653866,0.646047,0.653866
9,0.366442,0.783880,0.661688,0.660431,0.661688
