epoch,train_loss,valid_loss,accuracy,f_beta,f_beta,time
0,0.661130,1.107274,0.517013,0.354839,0.517013
1,0.615645,0.614076,0.660030,0.658014,0.660030
2,0.580494,0.591833,0.682640,0.681881,0.682640
3,0.576185,0.602261,0.672844,0.668800,0.672844
4,0.560681,0.593853,0.682324,0.677855,0.682324
5,0.526085,0.780339,0.605088,0.558133,0.605088
6,0.511306,0.601333,0.681504,0.681451,0.681504
7,0.446500,0.665684,0.661855,0.655230,0.661855
8,0.400710,0.707259,0.666940,0.666812,0.666940
9,0.361492,0.733716,0.664109,0.663971,0.664109
