epoch,train_loss,valid_loss,accuracy,f_beta,f_beta,time
0,0.659729,0.712064,0.547911,0.472780,0.547911
1,0.610082,0.618168,0.655840,0.654048,0.655840
2,0.585848,0.591597,0.682324,0.681402,0.682324
3,0.570453,0.584272,0.690984,0.690971,0.690984
4,0.560949,0.591377,0.688414,0.686859,0.688414
5,0.536268,1.035567,0.567225,0.490725,0.567225
6,0.501499,0.613603,0.685099,0.685064,0.685099
7,0.460014,0.637111,0.676699,0.676678,0.676699
8,0.403033,0.702637,0.667666,0.666701,0.667666
9,0.385608,0.734884,0.663662,0.662857,0.663662
