epoch,train_loss,valid_loss,accuracy,error_rate,f_beta,f_beta,time
0,0.661884,0.681210,0.560967,0.439033,0.503251,0.560967
1,0.612824,0.951015,0.527518,0.472482,0.415045,0.527518
2,0.592816,0.769328,0.562345,0.437655,0.483147,0.562345
3,0.567719,0.587525,0.687203,0.312797,0.687098,0.687203
4,0.555662,1.205596,0.532621,0.467379,0.424898,0.532621
5,0.538493,0.894431,0.572533,0.427467,0.501575,0.572533
6,0.495043,0.613517,0.683888,0.316112,0.683881,0.683888
7,0.446321,0.913926,0.571546,0.428454,0.506693,0.571546
8,0.390729,0.708691,0.665748,0.334252,0.665452,0.665748
9,0.361341,0.750784,0.661520,0.338480,0.661285,0.661520
