epoch,train_loss,valid_loss,accuracy,f_beta,f_beta,time
0,0.657184,0.985658,0.517386,0.357860,0.517386
1,0.612067,1.063860,0.519528,0.357154,0.519528
2,0.589805,0.593422,0.678487,0.675073,0.678487
3,0.575770,0.590528,0.684745,0.683793,0.684745
4,0.560153,0.583240,0.693740,0.693740,0.693740
5,0.540920,0.588535,0.691524,0.691310,0.691524
6,0.498904,0.612714,0.680573,0.680359,0.680573
7,0.449064,0.644973,0.676215,0.676137,0.676215
8,0.396994,0.701341,0.671410,0.671276,0.671410
9,0.374762,0.728476,0.666958,0.666688,0.666959
