epoch,train_loss,valid_loss,accuracy,f_beta,f_beta,time
0,0.660068,0.760240,0.518112,0.403437,0.518112
1,0.610244,0.614262,0.657833,0.653655,0.657833
2,0.585597,0.985703,0.536569,0.432666,0.536569
3,0.566691,0.618595,0.676960,0.672795,0.676960
4,0.544140,0.591003,0.688246,0.688197,0.688246
5,0.536844,0.606304,0.685937,0.684374,0.685937
6,0.499311,0.609991,0.683292,0.683292,0.683292
7,0.465914,0.640677,0.675712,0.675306,0.675712
8,0.397292,0.692175,0.669044,0.668791,0.669044
9,0.374957,0.735963,0.664239,0.663798,0.664239
