epoch,train_loss,valid_loss,accuracy,f_beta,f_beta,time
0,0.659783,0.720595,0.547055,0.473635,0.547055
1,0.622760,0.719295,0.583707,0.528553,0.583707
2,0.593722,0.593472,0.680349,0.678500,0.680349
3,0.574766,0.606585,0.668467,0.658227,0.668467
4,0.543211,0.622552,0.676327,0.668857,0.676327
5,0.522945,0.597319,0.686309,0.686169,0.686309
6,0.494222,0.611508,0.682286,0.682247,0.682286
7,0.449082,0.648628,0.674911,0.674894,0.674911
8,0.409290,0.691302,0.667797,0.667767,0.667797
9,0.360619,0.731211,0.663830,0.663627,0.663830
