epoch,train_loss,valid_loss,accuracy,f_beta,f_beta,time
0,0.653160,0.703026,0.547166,0.486099,0.547166
1,0.611667,0.693073,0.615853,0.582696,0.615853
2,0.582478,0.590009,0.683478,0.683276,0.683478
3,0.572356,0.661452,0.649936,0.630210,0.649936
4,0.554858,0.588448,0.688395,0.687706,0.688395
5,0.537761,0.593894,0.684037,0.683419,0.684037
6,0.495112,0.737581,0.643715,0.623612,0.643715
7,0.454008,0.642366,0.675488,0.674948,0.675488
8,0.392862,0.704058,0.665804,0.665036,0.665804
9,0.360176,0.733777,0.663103,0.662730,0.663103
