epoch,train_loss,valid_loss,accuracy,f_beta,f_beta,time
0,0.659451,0.684274,0.563816,0.558586,0.563817
1,0.621104,0.725603,0.600600,0.557631,0.600600
2,0.591267,0.825056,0.601047,0.552493,0.601047
3,0.567057,0.664181,0.639879,0.614443,0.639879
4,0.551650,0.592146,0.690649,0.690475,0.690649
5,0.525476,0.596592,0.689084,0.689084,0.689084
6,0.501451,0.611843,0.668188,0.660357,0.668188
7,0.440910,0.661785,0.675172,0.674577,0.675172
8,0.391103,0.702545,0.668784,0.668306,0.668784
9,0.361801,0.742843,0.665320,0.664968,0.665320
