epoch,train_loss,valid_loss,accuracy,f_beta,f_beta,time
0,0.663824,0.769341,0.523681,0.421827,0.523681
1,0.617893,0.633458,0.641387,0.636468,0.641387
2,0.590814,1.668844,0.496713,0.349093,0.496713
3,0.573293,0.809769,0.575010,0.506066,0.575010
4,0.547934,0.589888,0.689121,0.689121,0.689121
5,0.529214,0.622372,0.678599,0.674161,0.678599
6,0.490781,0.615894,0.679940,0.679015,0.679940
7,0.446616,0.651606,0.674017,0.674007,0.674017
8,0.391089,0.712143,0.663867,0.662167,0.663867
9,0.351747,0.744729,0.662973,0.662836,0.662973
