epoch,train_loss,valid_loss,accuracy,error_rate,f_beta,f_beta,time
0,0.637766,0.638807,0.642114,0.357886,0.641965,0.642113
1,0.613720,0.623210,0.657292,0.342708,0.646627,0.657292
2,0.597670,0.591075,0.684633,0.315367,0.683335,0.684633
3,0.576802,0.591299,0.680443,0.319557,0.676602,0.680443
4,0.554213,0.579796,0.694709,0.305291,0.694606,0.694709
5,0.535446,0.590662,0.689680,0.310320,0.689350,0.689680
6,0.501074,0.611920,0.685210,0.314790,0.685138,0.685210
7,0.455190,0.638442,0.681430,0.318570,0.681260,0.681430
8,0.418891,0.662579,0.675339,0.324661,0.675243,0.675339
9,0.399059,0.698628,0.670423,0.329577,0.670148,0.670423
