epoch,train_loss,valid_loss,accuracy,error_rate,f_beta,f_beta,time
0,0.642148,0.630256,0.644535,0.355465,0.643857,0.644535
1,0.649049,0.606606,0.668691,0.331309,0.665510,0.668690
2,0.590480,0.597391,0.674259,0.325741,0.669652,0.674259
3,0.582060,0.592965,0.684503,0.315497,0.682122,0.684503
4,0.552229,0.584620,0.693498,0.306502,0.693439,0.693498
5,0.530517,0.594427,0.689624,0.310376,0.689068,0.689624
6,0.503012,0.603184,0.683963,0.316037,0.683900,0.683963
7,0.470431,0.636599,0.677630,0.322370,0.677542,0.677630
8,0.424873,0.674838,0.675190,0.324810,0.675179,0.675190
9,0.398195,0.703631,0.671205,0.328795,0.671137,0.671205
