epoch,train_loss,valid_loss,accuracy,error_rate,f_beta,f_beta,time
0,0.639538,0.634506,0.640698,0.359302,0.638283,0.640698
1,0.609351,0.658223,0.655635,0.344365,0.646127,0.655635
2,0.611547,0.700125,0.681579,0.318421,0.680038,0.681579
3,0.569395,0.582137,0.692530,0.307470,0.692438,0.692530
4,0.552046,0.590963,0.691952,0.308048,0.691492,0.691952
5,0.535341,0.589073,0.690854,0.309146,0.690746,0.690854
6,0.506534,0.611215,0.681839,0.318161,0.680803,0.681839
7,0.449468,0.654934,0.678059,0.321941,0.676923,0.678059
8,0.420392,0.680189,0.675637,0.324363,0.675554,0.675637
9,0.385671,0.715856,0.670702,0.329298,0.670489,0.670702
