epoch,train_loss,valid_loss,accuracy,error_rate,f_beta,f_beta,time
0,0.635691,0.629200,0.640661,0.359339,0.636318,0.640661
1,0.601411,0.634249,0.641164,0.358836,0.623987,0.641164
2,0.592533,0.596047,0.680294,0.319706,0.677941,0.680294
3,0.576614,0.603369,0.679102,0.320898,0.673568,0.679102
4,0.552392,0.584709,0.691692,0.308308,0.691327,0.691692
5,0.547634,0.590504,0.689494,0.310506,0.689377,0.689494
6,0.514583,0.597041,0.687483,0.312517,0.687454,0.687483
7,0.474220,0.622741,0.682230,0.317770,0.682162,0.682230
8,0.423844,0.673314,0.672415,0.327585,0.671827,0.672415
9,0.399421,0.697537,0.668244,0.331756,0.667960,0.668244
