epoch,train_loss,valid_loss,accuracy,error_rate,f_beta,f_beta,time
0,0.697164,0.696797,0.512038,0.487962,0.375191,0.512038
1,0.674219,0.676211,0.583969,0.416031,0.563183,0.583969
2,0.836160,1.563269,0.500000,0.500000,0.333333,0.000000
3,0.635510,0.621441,0.664416,0.335584,0.661018,0.664416
4,0.614978,0.619478,0.661480,0.338520,0.661120,0.661480
5,0.560063,0.589904,0.684381,0.315619,0.684033,0.684380
6,0.509206,0.637236,0.675279,0.324721,0.667950,0.675279
7,0.481308,0.606607,0.685555,0.314445,0.683492,0.685555
8,0.447191,0.622752,0.686436,0.313564,0.685978,0.686436
9,0.419869,0.625651,0.687904,0.312096,0.687115,0.687904
