epoch,train_loss,valid_loss,accuracy,f_beta,f_beta,time
0,0.700893,0.691354,0.550499,0.534101,0.550499
1,0.678206,0.659920,0.604815,0.570557,0.604815
2,0.661102,0.633795,0.638873,0.618559,0.638873
3,0.642628,0.701438,0.605402,0.578264,0.605402
4,0.637386,3.253963,0.485320,0.483895,0.485320
5,0.554000,0.652250,0.660305,0.646160,0.660305
6,0.522563,0.588485,0.686142,0.680388,0.686142
7,0.483319,0.591170,0.694363,0.693644,0.694363
8,0.446335,0.612762,0.689372,0.688186,0.689372
9,0.430416,0.617168,0.690840,0.689671,0.690840
