epoch,train_loss,valid_loss,accuracy,f_beta,f_beta,time
0,0.698073,0.691636,0.522901,0.444009,0.522901
1,0.674928,0.653047,0.604521,0.565307,0.604521
2,0.672244,0.702065,0.502642,0.342734,0.502642
3,0.606917,0.662677,0.652378,0.643951,0.652378
4,0.574936,0.646774,0.651204,0.639170,0.651204
5,0.541501,0.640811,0.676160,0.672958,0.676160
6,0.483801,0.606566,0.700235,0.699386,0.700235
7,0.459052,0.625871,0.690546,0.688760,0.690546
8,0.433046,0.634685,0.687316,0.685995,0.687316
9,0.405474,0.644347,0.690252,0.689794,0.690253
