epoch,train_loss,valid_loss,accuracy,f_beta,f_beta,time
0,0.690531,0.689209,0.562243,0.481936,0.562243
1,0.668781,0.673649,0.595126,0.553585,0.595126
2,0.655550,0.630370,0.655314,0.649356,0.655314
3,0.623532,0.645277,0.671756,0.670406,0.671756
4,0.572898,0.664403,0.625367,0.585525,0.625367
5,0.547801,0.612709,0.684381,0.677514,0.684380
6,0.491781,0.616833,0.688784,0.685068,0.688785
7,0.451530,0.618158,0.687904,0.684238,0.687904
8,0.411298,0.633612,0.688197,0.688080,0.688197
9,0.401251,0.643223,0.686436,0.686345,0.686436
