epoch,train_loss,valid_loss,accuracy,f_beta,f_beta,time
0,0.695532,0.678646,0.559307,0.555838,0.559307
1,0.670553,0.653528,0.623899,0.623014,0.623899
2,0.659853,0.636605,0.655021,0.655005,0.655021
3,0.614654,0.633021,0.666765,0.665600,0.666764
4,0.572283,0.600870,0.686142,0.684083,0.686142
5,0.589599,0.609811,0.670581,0.670040,0.670581
6,0.497423,0.620282,0.687610,0.683546,0.687610
7,0.464481,0.616790,0.693776,0.693717,0.693776
8,0.424660,0.636363,0.694950,0.693203,0.694950
9,0.411909,0.646774,0.696418,0.695747,0.696418
