epoch,train_loss,valid_loss,accuracy,f_beta,f_beta,time
0,0.689587,0.678806,0.567822,0.492521,0.567822
1,0.671542,0.691394,0.564005,0.486257,0.564005
2,0.682396,0.666569,0.618027,0.613832,0.618027
3,0.612245,0.609536,0.676747,0.675930,0.676747
4,0.625239,0.777416,0.607164,0.577535,0.607164
5,0.550898,0.620115,0.652378,0.644212,0.652378
6,0.517121,0.671742,0.647093,0.626048,0.647093
7,0.467142,0.643134,0.687610,0.686529,0.687610
8,0.438118,0.663284,0.684968,0.684153,0.684968
9,0.420215,0.673294,0.685555,0.684584,0.685555
