epoch,train_loss,valid_loss,accuracy,f_beta,f_beta,time
0,0.699711,0.683436,0.577804,0.567569,0.577804
1,0.672768,0.662260,0.593071,0.576691,0.593071
2,0.645431,0.625406,0.664122,0.661837,0.664122
3,0.625102,0.656054,0.631826,0.596943,0.631826
4,0.570934,0.618408,0.675866,0.670616,0.675866
5,0.539471,0.595530,0.693188,0.693187,0.693188
6,0.494837,0.596282,0.691133,0.691126,0.691133
7,0.465234,0.619872,0.690252,0.685986,0.690253
8,0.412047,0.638406,0.695244,0.694826,0.695244
9,0.403704,0.648677,0.695244,0.693798,0.695244
