epoch,train_loss,valid_loss,accuracy,f_beta,f_beta,time
0,0.694431,0.671890,0.566353,0.560196,0.566353
1,0.676740,0.645035,0.630652,0.617824,0.630652
2,0.667117,0.642115,0.648561,0.648500,0.648561
3,0.613793,0.629834,0.666765,0.664071,0.666764
4,0.591469,0.629412,0.652085,0.638123,0.652085
5,0.589367,0.591123,0.692601,0.692585,0.692601
6,0.504630,0.600154,0.695244,0.692426,0.695244
7,0.480586,0.602545,0.690546,0.690537,0.690546
8,0.438328,0.625519,0.692308,0.692073,0.692308
9,0.440047,0.627678,0.694950,0.694722,0.694950
