epoch,train_loss,valid_loss,accuracy,f_beta,f_beta,time
0,0.697747,0.679749,0.538462,0.467679,0.538462
1,0.675511,0.656474,0.613623,0.587832,0.613623
2,0.664892,0.638393,0.637992,0.620512,0.637992
3,0.623122,0.666866,0.664709,0.657264,0.664709
4,0.581042,0.621300,0.645038,0.631146,0.645038
5,0.549744,0.589537,0.689959,0.689691,0.689959
6,0.501953,0.593898,0.693188,0.691205,0.693189
7,0.466855,0.609571,0.692601,0.692599,0.692601
8,0.440888,0.610972,0.692014,0.689903,0.692014
9,0.404514,0.622742,0.695831,0.695646,0.695831
