epoch,train_loss,valid_loss,accuracy,f_beta,f_beta,time
0,0.696169,0.684119,0.588667,0.577613,0.588667
1,0.677631,0.663324,0.617440,0.601018,0.617440
2,0.672863,0.653165,0.617146,0.609520,0.617146
3,0.614157,0.631022,0.634762,0.619877,0.634762
4,0.587869,0.596008,0.686436,0.686338,0.686436
5,0.541631,0.604211,0.682032,0.674414,0.682032
6,0.504537,0.627580,0.678509,0.677023,0.678509
7,0.472799,0.609863,0.684968,0.683889,0.684968
8,0.443994,0.620500,0.685261,0.685204,0.685261
9,0.418539,0.639443,0.687023,0.686919,0.687023
