epoch,train_loss,valid_loss,accuracy,f_beta,f_beta,time
0,0.645898,0.653677,0.6016628079,0.6003876978,0.6016628079,
1,0.614885,0.615695,0.6480274185,0.6479382294,0.6480274185,
2,0.590526,0.592735,0.6696758673,0.6691123098,0.6696758673,
3,0.568359,0.620967,0.6387723342,0.6235621623,0.6387723342,
4,0.558586,0.589591,0.6734727747,0.6729680232,0.6734727747,
5,0.541707,0.590107,0.6746047902,0.67460283,0.6746047902,
6,0.51594,0.630674,0.6616625697,0.6614979129,0.6616625697,
7,0.489964,0.619632,0.6651674073,0.665154666,0.6651674073,
8,0.463364,0.640174,0.6631601625,0.6630004062,0.6631601625,
9,0.44306,0.647566,0.6624662517,0.6623917641,0.6624662517,
