epoch,train_loss,valid_loss,accuracy,f_beta,f_beta,time
0,0.660047,0.654360,0.596838,0.596599,0.596838,
1,0.615680,0.615431,0.640222,0.634153,0.640222,
2,0.588810,0.594452,0.663165,0.659670,0.663165,
3,0.570159,0.591162,0.673824,0.673792,0.673824,
4,0.550069,0.585212,0.676817,0.676764,0.676817,
5,0.524982,0.598710,0.674263,0.674007,0.674263,
6,0.508989,0.601158,0.671470,0.671209,0.671470,
7,0.477328,0.625742,0.670977,0.670920,0.670977,
8,0.465994,0.631831,0.667509,0.667503,0.667509,
9,0.458790,0.639887,0.667345,0.667233,0.667345,
