epoch,train_loss,valid_loss,accuracy,f_beta,f_beta,time
0,0.660627,0.715810,0.533060,0.424282,0.533060,
1,0.624678,0.629140,0.630638,0.618342,0.630638,
2,0.585118,0.897578,0.570805,0.504970,0.570805,
3,0.566004,0.735517,0.625106,0.613870,0.625106,
4,0.548888,0.629142,0.666150,0.663084,0.666150,
5,0.539234,0.614614,0.664823,0.657875,0.664823,
6,0.511028,0.606289,0.679003,0.678988,0.679003,
7,0.475238,0.623309,0.676070,0.676068,0.676070,
8,0.471567,0.633862,0.671608,0.671561,0.671608,
9,0.451619,0.646899,0.670834,0.670625,0.670834,
