epoch,train_loss,valid_loss,accuracy,f_beta,f_beta,time
0,0.659300,0.673799,0.572456,0.538471,0.572456,
1,0.619641,0.622641,0.638939,0.638557,0.638939,
2,0.593652,0.601093,0.661137,0.657045,0.661137,
3,0.579830,0.604742,0.661008,0.653112,0.661009,
4,0.552441,0.587955,0.678436,0.678365,0.678436,
5,0.522987,2.539568,0.638096,0.621371,0.638096,
6,0.512601,0.598068,0.672896,0.672803,0.672896,
7,0.486057,0.618311,0.668585,0.668533,0.668585,
8,0.457600,0.634520,0.664439,0.664383,0.664439,
9,0.444044,0.644201,0.662586,0.662441,0.662586,
