epoch,train_loss,valid_loss,accuracy,f_beta,f_beta,time
0,0.661506,0.655856,0.60139728,0.60123591,0.60139728,
1,0.618529,0.643658,0.61979841,0.59876685,0.61979841,
2,0.598801,0.595928,0.66899151,0.6670224,0.66899151,
3,0.572489,0.608544,0.6697845,0.66418605,0.6697845,
4,0.560479,0.589125,0.67798962,0.67637097,0.67798962,
5,0.536727,0.593019,0.67616406,0.67488003,0.67616406,
6,0.508839,0.610791,0.67243968,0.67160313,0.67243968,
7,0.484837,0.624925,0.66969243,0.66954591,0.66969243,
8,0.452011,0.644512,0.66478797,0.6647751,0.66478797,
9,0.442146,0.65361,0.6633495,0.66311388,0.6633495,
