epoch,train_loss,valid_loss,accuracy,f_beta,f_beta,time
0,0.663144,0.657628,0.594691,0.584401,0.594691,
1,0.618203,0.617690,0.644167,0.642000,0.644167,
2,0.593013,0.599931,0.668493,0.667548,0.668493,
3,0.572772,0.588347,0.676969,0.676769,0.676969,
4,0.558387,0.589214,0.679354,0.679353,0.679354,
5,0.539641,0.594435,0.676877,0.676481,0.676877,
6,0.503656,0.615728,0.674382,0.674367,0.674382,
7,0.470585,0.629838,0.670915,0.670704,0.670915,
8,0.461051,0.638877,0.667576,0.667462,0.667576,
9,0.465851,0.644316,0.665576,0.665223,0.665576,
