epoch,train_loss,valid_loss,accuracy,f_beta,f_beta,time
0,0.657278,0.818111,0.52061387,0.385543775,0.52061387,
1,0.610742,0.615262,0.650863375,0.64946172,0.650863375,
2,0.587669,0.596511,0.67234524,0.672344255,0.67234524,
3,0.573731,0.585325,0.67669303,0.676692045,0.67669303,
4,0.545375,0.592161,0.67509733,0.67422659,0.67509733,
5,0.52229,0.610645,0.674418665,0.6732869,0.674418665,
6,0.520347,0.602188,0.67357452,0.673555805,0.67357452,
7,0.478711,0.619571,0.669300605,0.668674145,0.669300605,
8,0.465094,0.637759,0.666769155,0.666763245,0.66676817,
9,0.441342,0.643652,0.665723085,0.665573365,0.665723085,
