epoch,train_loss,valid_loss,accuracy,f_beta,f_beta,time
0,0.649440,0.656440,0.596600,0.584030,0.596600,
1,0.610730,0.621420,0.647450,0.645140,0.647450,
2,0.589690,0.600020,0.666810,0.666800,0.666810,
3,0.579060,0.589050,0.674550,0.673530,0.674550,
4,0.559400,0.591110,0.677940,0.677810,0.677940,
5,0.538400,0.591200,0.676160,0.675720,0.676160,
6,0.515390,0.606830,0.672900,0.672850,0.672900,
7,0.484000,0.624630,0.668330,0.667850,0.668330,
8,0.451310,0.647640,0.667140,0.667100,0.667140,
9,0.453900,0.653450,0.664860,0.664800,0.664860,
