epoch,train_loss,valid_loss,accuracy,f_beta,f_beta,time
0,0.656764,0.662717,0.594141,0.594139,0.594141,
1,0.622677,0.648738,0.624795,0.609560,0.624795,
2,0.589606,0.594226,0.669759,0.669168,0.669759,
3,0.575778,0.589403,0.675024,0.672754,0.675024,
4,0.551194,0.587318,0.672309,0.671381,0.672309,
5,0.535774,1.078307,0.637160,0.636583,0.637160,
6,0.510800,0.598944,0.673887,0.673761,0.673887,
7,0.485905,0.609508,0.671116,0.671116,0.671117,
8,0.467900,0.637890,0.668585,0.668522,0.668585,
9,0.463110,0.640994,0.667502,0.667491,0.667502,
