epoch,train_loss,valid_loss,accuracy,error_rate,f_beta,f_beta,time
0,0.689181,0.689642,0.535526,0.464474,0.520650,0.535526
1,0.662066,0.674630,0.591016,0.408984,0.566434,0.591016
2,0.634768,0.709266,0.598356,0.401644,0.559296,0.598356
3,0.613560,0.658248,0.614210,0.385790,0.614176,0.614210
4,0.558268,0.833254,0.596301,0.403699,0.551081,0.596301
5,0.483153,0.912855,0.597475,0.402525,0.563130,0.597475
6,0.379302,0.897377,0.605109,0.394891,0.604658,0.605109
7,0.254602,1.176070,0.616853,0.383147,0.611191,0.616853
8,0.151845,1.220755,0.613917,0.386083,0.613676,0.613917
9,0.134207,1.294639,0.612742,0.387258,0.611831,0.612742
