epoch,train_loss,valid_loss,accuracy,f_beta,f_beta,time
0,0.686358,0.683553,0.544921,0.544918,0.544921
1,0.658170,0.658691,0.607457,0.592287,0.607457
2,0.631574,0.740917,0.526424,0.427300,0.526424
3,0.591442,0.808263,0.534645,0.432156,0.534645
4,0.541250,0.672447,0.629477,0.628757,0.629477
5,0.454644,0.760502,0.616265,0.614461,0.616265
6,0.353718,0.909306,0.623899,0.621975,0.623899
7,0.231221,1.199101,0.613623,0.608383,0.613623
8,0.160659,1.303589,0.614504,0.614240,0.614504
9,0.120280,1.299729,0.613917,0.613603,0.613917
