epoch,train_loss,valid_loss,accuracy,f_beta,f_beta,time
0,0.691186,0.732918,0.501762,0.342325,0.501762
1,0.677751,0.681844,0.560481,0.546064,0.560481
2,0.642145,0.922164,0.531122,0.408456,0.531122
3,0.617307,1.117795,0.503817,0.344788,0.503817
4,0.558179,1.611971,0.510276,0.359150,0.510276
5,0.476333,0.971091,0.578391,0.534857,0.578391
6,0.366599,1.012164,0.570170,0.547772,0.570170
7,0.239835,1.140225,0.596594,0.596188,0.596594
8,0.152086,1.338149,0.590429,0.588470,0.590429
9,0.125011,1.328463,0.593365,0.593234,0.593365
