epoch,train_loss,valid_loss,accuracy,f_beta,f_beta,time
0,0.689708,0.687128,0.534938,0.523038,0.534938
1,0.662463,0.666778,0.586318,0.580084,0.586318
2,0.630337,0.950231,0.503523,0.345648,0.503523
3,0.604565,0.732062,0.593071,0.540712,0.593071
4,0.557160,0.665232,0.637698,0.634138,0.637698
5,0.467497,0.875128,0.571345,0.535677,0.571345
6,0.361782,0.932558,0.610100,0.600868,0.610100
7,0.229579,1.132714,0.594539,0.594462,0.594539
8,0.142218,1.287555,0.602760,0.602758,0.602760
9,0.116412,1.306493,0.602760,0.602501,0.602760
