epoch,train_loss,valid_loss,accuracy,f_beta,f_beta,time
0,0.690645,0.694275,0.514093,0.455535,0.514093
1,0.672835,0.748450,0.527598,0.405612,0.527598
2,0.641746,0.664840,0.600998,0.592879,0.600998
3,0.605445,1.761900,0.501174,0.335938,0.501174
4,0.548129,1.118369,0.509689,0.370852,0.509689
5,0.460231,1.013282,0.537874,0.464873,0.537874
6,0.337672,0.968547,0.602466,0.601989,0.602466
7,0.216578,1.276667,0.580740,0.571506,0.580740
8,0.134294,1.359366,0.598356,0.596145,0.598356
9,0.114079,1.340576,0.590429,0.590261,0.590429
