epoch,train_loss,valid_loss,accuracy,f_beta,f_beta,time
0,0.692127,0.694606,0.515854,0.476213,0.515854
1,0.671205,0.832652,0.505872,0.353629,0.505872
2,0.637448,1.049201,0.518203,0.378015,0.518203
3,0.609899,1.013091,0.545214,0.434511,0.545214
4,0.565248,0.695627,0.613329,0.608482,0.613329
5,0.489379,0.841293,0.602466,0.581751,0.602466
6,0.383565,0.899915,0.608925,0.607878,0.608925
7,0.251309,1.133294,0.596301,0.595739,0.596301
8,0.170394,1.289900,0.600705,0.598472,0.600705
9,0.133300,1.294447,0.590722,0.590677,0.590722
