epoch,train_loss,valid_loss,accuracy,f_beta,f_beta,time
0,0.688422,0.689218,0.542278,0.510565,0.542278
1,0.665375,0.729050,0.516442,0.388281,0.516442
2,0.637605,0.724546,0.599824,0.562976,0.599824
3,0.599625,0.684833,0.607457,0.604844,0.607457
4,0.559906,0.713204,0.594245,0.581694,0.594245
5,0.481247,0.757553,0.629477,0.624452,0.629477
6,0.358016,1.459430,0.530828,0.451399,0.530828
7,0.245443,1.156563,0.602466,0.601734,0.602466
8,0.170750,1.319262,0.593365,0.591614,0.593365
9,0.133320,1.324888,0.599237,0.598855,0.599237
