epoch,train_loss,valid_loss,accuracy,f_beta,f_beta,time
0,0.689491,0.691188,0.542572,0.537109,0.542572
1,0.667526,0.812129,0.503817,0.351665,0.503817
2,0.633753,0.723789,0.591309,0.539749,0.591309
3,0.604349,0.868266,0.519671,0.395435,0.519671
4,0.559438,0.679802,0.624486,0.623094,0.624486
5,0.477719,1.543533,0.520258,0.385284,0.520258
6,0.360165,1.562526,0.519965,0.417415,0.519965
7,0.240264,1.139044,0.600998,0.600701,0.600998
8,0.176373,1.237679,0.599530,0.599127,0.599530
9,0.137329,1.267072,0.598943,0.598943,0.598943
