epoch,train_loss,valid_loss,accuracy,f_beta,f_beta,time
0,0.689932,0.692169,0.530828,0.491609,0.530828
1,0.664189,0.875707,0.501762,0.343825,0.501762
2,0.627364,0.773092,0.524075,0.409368,0.524075
3,0.588976,0.803321,0.586318,0.528247,0.586318
4,0.534272,0.672918,0.633588,0.632913,0.633588
5,0.456482,0.869003,0.578978,0.545843,0.578978
6,0.346080,1.031562,0.601879,0.585351,0.601879
7,0.233271,1.153808,0.608632,0.607237,0.608632
8,0.151939,1.316370,0.604521,0.604386,0.604521
9,0.122767,1.384781,0.604815,0.604256,0.604815
