epoch,train_loss,valid_loss,accuracy,f_beta,f_beta,time
0,0.690689,0.698758,0.502936,0.418024,0.502936
1,0.672614,0.726703,0.529066,0.447600,0.529066
2,0.636783,0.657543,0.610100,0.589329,0.610100
3,0.596793,0.666127,0.626248,0.623972,0.626248
4,0.549855,0.876861,0.535819,0.443860,0.535819
5,0.457546,0.951790,0.597769,0.566556,0.597769
6,0.347132,0.977137,0.607164,0.600185,0.607164
7,0.219962,1.232363,0.592777,0.591179,0.592777
8,0.141949,1.359376,0.599824,0.597844,0.599824
9,0.106083,1.385574,0.592777,0.591796,0.592777
