epoch,train_loss,valid_loss,accuracy,error_rate,f_beta,f_beta,time
0,0.686430,0.688516,0.545214,0.454786,0.506761,0.545214
1,0.670630,0.843838,0.506753,0.493247,0.356457,0.506753
2,0.656008,1.285085,0.506459,0.493541,0.349518,0.506459
3,0.638166,1.328323,0.504404,0.495596,0.344560,0.504404
4,0.612584,0.697087,0.603347,0.396653,0.569656,0.603347
5,0.550733,0.999707,0.581621,0.418379,0.517814,0.581621
6,0.480375,1.110893,0.568996,0.431004,0.497597,0.568996
7,0.358073,0.966628,0.601879,0.398121,0.600271,0.601879
8,0.254617,1.135848,0.601292,0.398708,0.598991,0.601292
9,0.188655,1.231845,0.605109,0.394891,0.604839,0.605109
