epoch,train_loss,valid_loss,accuracy,f_beta,f_beta,time
0,0.684021,0.701586,0.533470,0.452910,0.533470
1,0.669780,0.744266,0.512331,0.367233,0.512331
2,0.649953,0.957927,0.532883,0.411076,0.532883
3,0.618665,0.980172,0.523194,0.386002,0.523194
4,0.584830,0.743633,0.602760,0.562347,0.602760
5,0.526176,0.715352,0.628890,0.613008,0.628890
6,0.451250,1.334136,0.561656,0.483767,0.561656
7,0.318470,2.461151,0.547563,0.452216,0.547563
8,0.206109,1.343972,0.606283,0.603921,0.606283
9,0.161968,1.451404,0.605402,0.605310,0.605402
