epoch,train_loss,valid_loss,accuracy,f_beta,f_beta,time
0,0.686621,0.716595,0.518497,0.449476,0.518497
1,0.671399,0.856604,0.503817,0.351182,0.503817
2,0.642590,0.666180,0.599824,0.580390,0.599824
3,0.619214,0.638457,0.649736,0.649427,0.649736
4,0.592070,0.643786,0.621844,0.618172,0.621844
5,0.544953,0.647926,0.640047,0.638002,0.640047
6,0.464783,0.872958,0.557545,0.503147,0.557546
7,0.353249,1.042591,0.572519,0.532194,0.572519
8,0.251177,1.063946,0.625661,0.625405,0.625661
9,0.192652,1.171999,0.623605,0.623489,0.623605
