epoch,train_loss,valid_loss,accuracy,f_beta,f_beta,time
0,0.690178,0.693764,0.528773,0.487459,0.528773
1,0.675532,0.675079,0.578097,0.566418,0.578098
2,0.653313,0.889869,0.520552,0.382379,0.520552
3,0.632001,0.853180,0.537581,0.425019,0.537581
4,0.605675,0.637255,0.638285,0.636294,0.638285
5,0.555269,0.712923,0.610687,0.582019,0.610687
6,0.482237,0.931850,0.596594,0.557363,0.596594
7,0.352550,1.574313,0.557252,0.483641,0.557252
8,0.228535,1.150830,0.596301,0.595463,0.596301
9,0.173790,1.824690,0.573400,0.535661,0.573400
