epoch,train_loss,valid_loss,accuracy,f_beta,f_beta,time
0,0.686064,0.722479,0.513506,0.411678,0.513506
1,0.672571,0.744908,0.508808,0.355543,0.508808
2,0.654857,0.679385,0.598649,0.569024,0.598649
3,0.625382,0.649781,0.626541,0.620996,0.626541
4,0.596673,0.671817,0.609513,0.579496,0.609513
5,0.557314,0.710905,0.627716,0.606322,0.627716
6,0.490215,2.393995,0.512331,0.369981,0.512331
7,0.366495,2.738683,0.522314,0.395298,0.522314
8,0.255216,3.119004,0.532883,0.418425,0.532883
9,0.195162,1.256859,0.615091,0.613952,0.615091
