epoch,train_loss,valid_loss,accuracy,f_beta,f_beta,time
0,0.691315,0.704652,0.510570,0.399467,0.510570
1,0.678305,0.704440,0.516442,0.437350,0.516442
2,0.664212,0.683075,0.568409,0.499222,0.568409
3,0.641232,0.706024,0.557252,0.509173,0.557252
4,0.601758,0.664660,0.618614,0.606442,0.618614
5,0.558842,0.683772,0.620963,0.606222,0.620963
6,0.466034,0.882909,0.598943,0.569410,0.598943
7,0.337430,1.013098,0.595713,0.584274,0.595713
8,0.211619,1.367744,0.585144,0.578707,0.585144
9,0.154199,1.411313,0.588373,0.587345,0.588373
