epoch,train_loss,valid_loss,accuracy,f_beta,f_beta,time
0,0.692532,0.708577,0.509102,0.398967,0.509102
1,0.668492,0.692215,0.558426,0.545145,0.558426
2,0.645020,0.694218,0.569290,0.493841,0.569290
3,0.620695,0.636352,0.641809,0.638855,0.641809
4,0.585230,0.678097,0.618614,0.579316,0.618614
5,0.528203,0.715593,0.637405,0.635263,0.637405
6,0.459977,0.730419,0.630065,0.616873,0.630065
7,0.340302,0.951010,0.632120,0.627703,0.632120
8,0.253171,1.131222,0.623312,0.622897,0.623312
9,0.186153,1.106669,0.625661,0.625277,0.625661
