epoch,train_loss,valid_loss,accuracy,f_beta,f_beta,time
0,0.676624,0.686924,0.556958,0.492116,0.556958
1,0.668059,0.694620,0.562537,0.492665,0.562537
2,0.656263,0.663861,0.595713,0.561061,0.595713
3,0.615148,0.654888,0.620963,0.600826,0.620963
4,0.588307,1.335559,0.515854,0.371804,0.515854
5,0.541891,1.205276,0.539636,0.428496,0.539636
6,0.458453,1.167724,0.573400,0.513743,0.573400
7,0.352570,0.939623,0.613623,0.611530,0.613623
8,0.241864,1.134716,0.618027,0.618006,0.618027
9,0.185660,1.423029,0.618027,0.613687,0.618027
