epoch,train_loss,valid_loss,accuracy,f_beta,f_beta,time
0,0.688128,0.737644,0.502055,0.350328,0.502055
1,0.670451,0.885734,0.511450,0.386727,0.511450
2,0.655430,0.813895,0.507927,0.371692,0.507927
3,0.634984,1.248386,0.501174,0.338510,0.501174
4,0.608095,0.736803,0.550206,0.494794,0.550206
5,0.569794,0.661321,0.630945,0.630919,0.630945
6,0.501259,0.726749,0.637992,0.632536,0.637992
7,0.401155,0.894849,0.630652,0.625796,0.630652
8,0.282934,0.979910,0.619201,0.619071,0.619201
9,0.221640,1.034450,0.617733,0.616463,0.617733
