epoch,train_loss,valid_loss,accuracy,f_beta,f_beta,time
0,0.685514,0.746755,0.500294,0.333985,0.500294
1,0.668181,0.678057,0.569877,0.568659,0.569877
2,0.644070,0.737849,0.590722,0.547560,0.590722
3,0.612480,1.220401,0.503817,0.346283,0.503817
4,0.573254,0.649709,0.639753,0.638202,0.639753
5,0.531370,0.770784,0.618027,0.591300,0.618027
6,0.439847,0.813592,0.604815,0.596111,0.604815
7,0.310625,0.976380,0.611568,0.609019,0.611568
8,0.196189,1.453513,0.593365,0.586810,0.593365
9,0.161658,1.330863,0.613917,0.613176,0.613917
